{
  "model_path": "checkpoints/iter_warmup/best.pt",
  "timestamp": "2026-04-14T10:54:20",
  "n_test_spectra": 150,
  "n_samples": 16,
  "snr": 200.0,
  "checkpoint_loss": 2.1631642942187153,
  "checkpoint_epoch": 368,
  "radiance": {
    "by_sensor": {
      "Landsat-8": {
        "rmse": 5.722639083862305,
        "mae": 2.741208076477051,
        "mape": 0.1537451595067978,
        "sam_deg": 3.9255557792991365,
        "r2": 0.9911178721154644,
        "coverage_1sigma": 0.6057934640522876,
        "coverage_2sigma": 0.8224052287581699,
        "coverage_3sigma": 0.9041098039215686,
        "picp_95": 0.8171764705882353,
        "sharpness": 2.507352828979492,
        "crps": 2.1714180320025043,
        "nll": 4.8716328533475455,
        "n_bands": 7,
        "n_test_cases": 450
      },
      "Sentinel-2": {
        "rmse": 3.6524202823638916,
        "mae": 1.497690200805664,
        "mape": 0.08791200816631317,
        "sam_deg": 2.21311433051836,
        "r2": 0.9963818567827019,
        "coverage_1sigma": 0.6682980392156863,
        "coverage_2sigma": 0.9024156862745099,
        "coverage_3sigma": 0.9660392156862745,
        "picp_95": 0.8977045751633987,
        "sharpness": 1.7096924781799316,
        "crps": 1.1334090548875764,
        "nll": 1.852386557369776,
        "n_bands": 13,
        "n_test_cases": 450
      },
      "ENMAP": {
        "rmse": 2.871495485305786,
        "mae": 0.9787662029266357,
        "mape": 0.06132247671484947,
        "sam_deg": 1.4643601172949232,
        "r2": 0.9977636460142224,
        "coverage_1sigma": 0.8277908496732026,
        "coverage_2sigma": 0.9686117647058824,
        "coverage_3sigma": 0.9926065359477124,
        "picp_95": 0.9666771241830066,
        "sharpness": 1.6255526542663574,
        "crps": 0.754298462206001,
        "nll": 1.1501510815692653,
        "n_bands": 246,
        "n_test_cases": 450
      },
      "AVIRIS-NG": {
        "rmse": 2.8242998123168945,
        "mae": 0.9702734351158142,
        "mape": 0.06264150142669678,
        "sam_deg": 1.4503437060552549,
        "r2": 0.9978365547475488,
        "coverage_1sigma": 0.8201986928104575,
        "coverage_2sigma": 0.9658457516339869,
        "coverage_3sigma": 0.9918169934640523,
        "picp_95": 0.9637490196078431,
        "sharpness": 1.5979820489883423,
        "crps": 0.7447058866087015,
        "nll": 1.1295881554898588,
        "n_bands": 425,
        "n_test_cases": 450
      },
      "random-5": {
        "rmse": 11.939349174499512,
        "mae": 4.408294200897217,
        "mape": 0.14972718060016632,
        "sam_deg": 6.228693986305158,
        "r2": 0.9613378865468152,
        "coverage_1sigma": 0.5553725490196079,
        "coverage_2sigma": 0.8181071895424836,
        "coverage_3sigma": 0.916643137254902,
        "picp_95": 0.811524183006536,
        "sharpness": 3.7547101974487305,
        "crps": 3.370949108678127,
        "nll": 2.9084700107873376,
        "n_bands": 5,
        "n_test_cases": 450
      },
      "random-30": {
        "rmse": 2.93723726272583,
        "mae": 1.063816785812378,
        "mape": 0.06668214499950409,
        "sam_deg": 1.5657829104407677,
        "r2": 0.9976600728320696,
        "coverage_1sigma": 0.7854535947712419,
        "coverage_2sigma": 0.9605542483660131,
        "coverage_3sigma": 0.9909019607843137,
        "picp_95": 0.958159477124183,
        "sharpness": 1.5995583534240723,
        "crps": 0.7988889416446961,
        "nll": 1.1865094887669743,
        "n_bands": 30,
        "n_test_cases": 450
      },
      "random-100": {
        "rmse": 17.729732513427734,
        "mae": 7.532595634460449,
        "mape": 0.18481095135211945,
        "sam_deg": 8.051414182994833,
        "r2": 0.9147432712437621,
        "coverage_1sigma": 0.6544,
        "coverage_2sigma": 0.8962196078431373,
        "coverage_3sigma": 0.9723084967320261,
        "picp_95": 0.8908705882352941,
        "sharpness": 7.476893424987793,
        "crps": 5.614318253223805,
        "nll": 2.6791176790854263,
        "n_bands": 100,
        "n_test_cases": 450
      }
    },
    "scaling": {
      "n_bands": [
        3,
        5,
        10,
        20,
        50,
        100,
        200
      ],
      "rmse": [
        8.845921516418457,
        11.032596588134766,
        22.937355041503906,
        3.8340115547180176,
        8.60025691986084,
        3.7843735218048096,
        6.850849151611328
      ],
      "sharpness": [
        4.196103572845459,
        5.4876933097839355,
        7.0370635986328125,
        1.8855174779891968,
        3.5694844722747803,
        1.9540061950683594,
        2.3666980266571045
      ],
      "crps": [
        3.623966019927637,
        3.700947948793515,
        8.3312348832307,
        1.1688508038681902,
        3.10532244957256,
        1.1132615261341352,
        1.7706091151360273
      ]
    }
  },
  "reflectance": {
    "by_sensor": {
      "Landsat-8": {
        "rmse": 0.10655798763036728,
        "mae": 0.07839711755514145,
        "mape": 0.25319090485572815,
        "sam_deg": 6.9208584521677805,
        "r2": 0.8555011481111131,
        "coverage_1sigma": 0.6700392156862746,
        "coverage_2sigma": 0.9542274509803922,
        "coverage_3sigma": 0.9930143790849674,
        "picp_95": 0.9500183006535947,
        "sharpness": 0.09167249500751495,
        "crps": 0.054485815889749475,
        "nll": -1.0768245756068007,
        "n_bands": 7,
        "n_test_cases": 450
      },
      "Sentinel-2": {
        "rmse": 0.09478311985731125,
        "mae": 0.06766743212938309,
        "mape": 0.22770702838897705,
        "sam_deg": 6.566582030804029,
        "r2": 0.8856715508806623,
        "coverage_1sigma": 0.6315032679738563,
        "coverage_2sigma": 0.9184,
        "coverage_3sigma": 0.9815006535947712,
        "picp_95": 0.9133751633986928,
        "sharpness": 0.0732741728425026,
        "crps": 0.04805557250108477,
        "nll": -1.1266292796351733,
        "n_bands": 13,
        "n_test_cases": 450
      },
      "ENMAP": {
        "rmse": 0.07712892442941666,
        "mae": 0.05340960621833801,
        "mape": 0.1817845106124878,
        "sam_deg": 5.114451250285959,
        "r2": 0.9242945860357011,
        "coverage_1sigma": 0.7419450980392157,
        "coverage_2sigma": 0.9606117647058824,
        "coverage_3sigma": 0.9938143790849673,
        "picp_95": 0.9573699346405229,
        "sharpness": 0.07188308984041214,
        "crps": 0.03808447105562598,
        "nll": -1.4255001844362325,
        "n_bands": 246,
        "n_test_cases": 450
      },
      "AVIRIS-NG": {
        "rmse": 0.07307806611061096,
        "mae": 0.04967557266354561,
        "mape": 0.1694285124540329,
        "sam_deg": 5.044645668081412,
        "r2": 0.932037947703766,
        "coverage_1sigma": 0.7793411764705882,
        "coverage_2sigma": 0.9665254901960785,
        "coverage_3sigma": 0.9944679738562091,
        "picp_95": 0.9637856209150327,
        "sharpness": 0.07107675820589066,
        "crps": 0.03570130450850916,
        "nll": -1.4913912536841358,
        "n_bands": 425,
        "n_test_cases": 450
      },
      "random-5": {
        "rmse": 0.13327381014823914,
        "mae": 0.10219632089138031,
        "mape": 0.4726181924343109,
        "sam_deg": 10.820409364669379,
        "r2": 0.7739617327655492,
        "coverage_1sigma": 0.6687111111111111,
        "coverage_2sigma": 0.9553150326797386,
        "coverage_3sigma": 0.9920418300653595,
        "picp_95": 0.9510954248366013,
        "sharpness": 0.11890169233083725,
        "crps": 0.070703894075695,
        "nll": -0.757977707447869,
        "n_bands": 5,
        "n_test_cases": 450
      },
      "random-30": {
        "rmse": 0.07307571917772293,
        "mae": 0.0501844584941864,
        "mape": 0.16736184060573578,
        "sam_deg": 5.192461713315814,
        "r2": 0.9320423129930193,
        "coverage_1sigma": 0.7730980392156863,
        "coverage_2sigma": 0.9675450980392157,