{
  "model_path": "checkpoints/iter_grid_clamp/epoch_50.pt",
  "timestamp": "2026-04-10T02:31:57",
  "n_test_spectra": 150,
  "n_samples": 16,
  "snr": 200.0,
  "checkpoint_loss": null,
  "checkpoint_epoch": 50,
  "radiance": {
    "by_sensor": {
      "Landsat-8": {
        "rmse": 9.113344192504883,
        "mae": 5.13386344909668,
        "mape": 0.2904856204986572,
        "sam_deg": 5.676713186026178,
        "r2": 0.9774742212889932,
        "coverage_1sigma": 0.47118954248366013,
        "coverage_2sigma": 0.7381960784313726,
        "coverage_3sigma": 0.8716444444444444,
        "picp_95": 0.7303581699346405,
        "sharpness": 15.564343452453613,
        "crps": 6.152982189648934,
        "nll": 6.918137145946004,
        "n_bands": 7,
        "n_test_cases": 450
      },
      "Sentinel-2": {
        "rmse": 7.330790042877197,
        "mae": 3.7088308334350586,
        "mape": 0.20426365733146667,
        "sam_deg": 4.7600817175812375,
        "r2": 0.9854244203984729,
        "coverage_1sigma": 0.6173228758169934,
        "coverage_2sigma": 0.8655372549019608,
        "coverage_3sigma": 0.947843137254902,
        "picp_95": 0.8600104575163399,
        "sharpness": 13.327176094055176,
        "crps": 4.6814039749704115,
        "nll": 2.957080026071129,
        "n_bands": 13,
        "n_test_cases": 450
      },
      "ENMAP": {
        "rmse": 6.147788047790527,
        "mae": 3.020750045776367,
        "mape": 0.15088367462158203,
        "sam_deg": 4.062322522563906,
        "r2": 0.9897491001202877,
        "coverage_1sigma": 0.6847686274509804,
        "coverage_2sigma": 0.9132967320261438,
        "coverage_3sigma": 0.9686013071895425,
        "picp_95": 0.9090091503267974,
        "sharpness": 13.149023056030273,
        "crps": 4.228610791598136,
        "nll": 2.608762001930398,
        "n_bands": 246,
        "n_test_cases": 450
      },
      "AVIRIS-NG": {
        "rmse": 6.031351089477539,
        "mae": 2.9037177562713623,
        "mape": 0.1478516310453415,
        "sam_deg": 4.040888366149978,
        "r2": 0.9901337187762934,
        "coverage_1sigma": 0.6882352941176471,
        "coverage_2sigma": 0.9125699346405228,
        "coverage_3sigma": 0.968878431372549,
        "picp_95": 0.9077019607843138,
        "sharpness": 12.870381355285645,
        "crps": 4.119962698210652,
        "nll": 2.606628116985626,
        "n_bands": 425,
        "n_test_cases": 450
      },
      "random-5": {
        "rmse": 14.85266399383545,
        "mae": 6.6863908767700195,
        "mape": 0.23181454837322235,
        "sam_deg": 7.6877440824024275,
        "r2": 0.9401680712997691,
        "coverage_1sigma": 0.4526588235294118,
        "coverage_2sigma": 0.7415633986928104,
        "coverage_3sigma": 0.8849830065359477,
        "picp_95": 0.7328104575163399,
        "sharpness": 8.86950969696045,
        "crps": 5.779567758151727,
        "nll": 3.8530941543421506,
        "n_bands": 5,
        "n_test_cases": 450
      },
      "random-30": {
        "rmse": 17.923994064331055,
        "mae": 7.967447757720947,
        "mape": 0.2527194321155548,
        "sam_deg": 8.158866655388488,
        "r2": 0.9128647660734802,
        "coverage_1sigma": 0.4989647058823529,
        "coverage_2sigma": 0.753437908496732,
        "coverage_3sigma": 0.8841045751633987,
        "picp_95": 0.7465830065359477,
        "sharpness": 8.556488990783691,
        "crps": 6.813017730578639,
        "nll": 4.4736057675622085,
        "n_bands": 30,
        "n_test_cases": 450
      },
      "random-100": {
        "rmse": 6.064052581787109,
        "mae": 2.9054858684539795,
        "mape": 0.14472872018814087,
        "sam_deg": 4.042964135965904,
        "r2": 0.9900264398370835,
        "coverage_1sigma": 0.7158535947712418,
        "coverage_2sigma": 0.9183843137254902,
        "coverage_3sigma": 0.9703581699346405,
        "picp_95": 0.9149385620915033,
        "sharpness": 12.878748893737793,
        "crps": 4.110022973872719,
        "nll": 2.5577352303341336,
        "n_bands": 100,
        "n_test_cases": 450
      }
    },
    "scaling": {
      "n_bands": [
        3,
        5,
        10,
        20,
        50,
        100,
        200
      ],
      "rmse": [
        14.875397682189941,
        38.564510345458984,
        12.821388244628906,
        6.8563361167907715,
        5.654540538787842,
        25.974164962768555,
        5.92048454284668
      ],
      "sharpness": [
        13.59433364868164,
        24.552024841308594,
        10.917383193969727,
        9.288440704345703,
        9.492982864379883,
        4.614504337310791,
        9.935193061828613
      ],
      "crps": [
        8.039404381673297,
        18.311591776340208,
        5.904635743932991,
        3.8240155124758735,
        3.4317871227586503,
        10.842915831272933,
        3.503765724512815
      ]
    }
  },
  "reflectance": {
    "by_sensor": {
      "Landsat-8": {
        "rmse": 0.1548706591129303,
        "mae": 0.11914318054914474,
        "mape": 0.49785158038139343,
        "sam_deg": 12.126847041530754,
        "r2": 0.69476757669072,
        "coverage_1sigma": 0.589286274509804,
        "coverage_2sigma": 0.9132078431372549,
        "coverage_3sigma": 0.9892967320261438,
        "picp_95": 0.906237908496732,
        "sharpness": 0.12386801838874817,
        "crps": 0.08389090790662465,
        "nll": -0.5388927605528187,
        "n_bands": 7,
        "n_test_cases": 450
      },
      "Sentinel-2": {
        "rmse": 0.15857341885566711,
        "mae": 0.12060895562171936,
        "mape": 0.47605592012405396,
        "sam_deg": 11.555764189976973,
        "r2": 0.6799976985639751,
        "coverage_1sigma": 0.6009411764705882,
        "coverage_2sigma": 0.923754248366013,
        "coverage_3sigma": 0.9887686274509804,
        "picp_95": 0.917997385620915,
        "sharpness": 0.12708623707294464,
        "crps": 0.0847003525692631,
        "nll": -0.5548447126311304,
        "n_bands": 13,
        "n_test_cases": 450
      },
      "ENMAP": {
        "rmse": 0.13977700471878052,
        "mae": 0.10369830578565598,
        "mape": 0.40848830342292786,
        "sam_deg": 10.573816444305638,
        "r2": 0.7513641307977594,
        "coverage_1sigma": 0.679843137254902,
        "coverage_2sigma": 0.9537464052287582,
        "coverage_3sigma": 0.995037908496732,
        "picp_95": 0.9499450980392157,
        "sharpness": 0.12347014248371124,
        "crps": 0.07249125949237771,
        "nll": -0.7473023194073402,
        "n_bands": 246,
        "n_test_cases": 450
      },
      "AVIRIS-NG": {
        "rmse": 0.13696973025798798,
        "mae": 0.10126102715730667,
        "mape": 0.4038826823234558,
        "sam_deg": 10.838494327762358,
        "r2": 0.761250988029391,
        "coverage_1sigma": 0.6874562091503268,
        "coverage_2sigma": 0.9546614379084968,
        "coverage_3sigma": 0.9949803921568627,
        "picp_95": 0.9506928104575163,
        "sharpness": 0.12225175648927689,
        "crps": 0.07094120567510867,
        "nll": -0.764901957761351,
        "n_bands": 425,
        "n_test_cases": 450
      },
      "random-5": {
        "rmse": 0.14818520843982697,
        "mae": 0.11337291449308395,
        "mape": 0.5350616574287415,
        "sam_deg": 14.26845301259642,
        "r2": 0.7205513340765125,
        "coverage_1sigma": 0.6006849673202614,
        "coverage_2sigma": 0.9251137254901961,
        "coverage_3sigma": 0.9906352941176471,
        "picp_95": 0.9174849673202614,
        "sharpness": 0.12087486684322357,
        "crps": 0.0797235922964054,
        "nll": -0.5936059395716727,
        "n_bands": 5,
        "n_test_cases": 450
      },
      "random-30": {
        "rmse": 0.163731649518013,
        "mae": 0.12315161526203156,
        "mape": 0.6441243290901184,
        "sam_deg": 15.23248985153504,
        "r2": 0.6588403608640467,
        "coverage_1sigma": 0.5922666666666667,
        "coverage_2sigma": 0.898886274509804,