{
  "model_path": "checkpoints/iter_full/epoch_100.pt",
  "timestamp": "2026-04-09T16:30:34",
  "n_test_spectra": 50,
  "n_samples": 16,
  "snr": 200.0,
  "checkpoint_loss": null,
  "checkpoint_epoch": 100,
  "radiance": {
    "by_sensor": {
      "Landsat-8": {
        "rmse": 9.205336570739746,
        "mae": 5.042645454406738,
        "mape": 0.29578959941864014,
        "sam_deg": 6.364212030353271,
        "r2": 0.9725188799586417,
        "coverage_1sigma": 0.39662745098039215,
        "coverage_2sigma": 0.6411450980392157,
        "coverage_3sigma": 0.7670588235294118,
        "picp_95": 0.6336470588235295,
        "sharpness": 17.23473358154297,
        "crps": 6.949771253348308,
        "nll": 20.54950686105216,
        "n_bands": 7,
        "n_test_cases": 150
      },
      "Sentinel-2": {
        "rmse": 7.111682891845703,
        "mae": 3.5982882976531982,
        "mape": 0.2496073991060257,
        "sam_deg": 4.667252971263194,
        "r2": 0.9835978844755098,
        "coverage_1sigma": 0.5290823529411764,
        "coverage_2sigma": 0.8141176470588235,
        "coverage_3sigma": 0.9257725490196078,
        "picp_95": 0.8078117647058823,
        "sharpness": 14.313081741333008,
        "crps": 4.9545741976925095,
        "nll": 3.240833845849555,
        "n_bands": 13,
        "n_test_cases": 150
      },
      "ENMAP": {
        "rmse": 6.427334785461426,
        "mae": 3.0899674892425537,
        "mape": 0.18402333557605743,
        "sam_deg": 3.671152769193277,
        "r2": 0.9866027110042069,
        "coverage_1sigma": 0.6439372549019607,
        "coverage_2sigma": 0.9158745098039216,
        "coverage_3sigma": 0.9703529411764706,
        "picp_95": 0.9113568627450981,
        "sharpness": 13.950652122497559,
        "crps": 4.486860816766389,
        "nll": 2.3878996496264304,
        "n_bands": 246,
        "n_test_cases": 150
      },
      "AVIRIS-NG": {
        "rmse": 6.495769500732422,
        "mae": 3.104680299758911,
        "mape": 0.18431635200977325,
        "sam_deg": 3.6758823103111564,
        "r2": 0.9863158965532609,
        "coverage_1sigma": 0.6337411764705883,
        "coverage_2sigma": 0.9140549019607843,
        "coverage_3sigma": 0.9697254901960785,
        "picp_95": 0.9095215686274509,
        "sharpness": 13.265096664428711,
        "crps": 4.35150857542474,
        "nll": 2.3967882658324795,
        "n_bands": 425,
        "n_test_cases": 150
      },
      "random-5": {
        "rmse": 14.572026252746582,
        "mae": 6.268449306488037,
        "mape": 0.24720826745033264,
        "sam_deg": 7.829593224542172,
        "r2": 0.9311355672418156,
        "coverage_1sigma": 0.43753725490196077,
        "coverage_2sigma": 0.7235450980392157,
        "coverage_3sigma": 0.8565803921568628,
        "picp_95": 0.7156549019607843,
        "sharpness": 5.921682357788086,
        "crps": 5.4749291734204695,
        "nll": 4.027204001994126,
        "n_bands": 5,
        "n_test_cases": 150
      },
      "random-30": {
        "rmse": 17.059429168701172,
        "mae": 7.042148113250732,
        "mape": 0.26190176606178284,
        "sam_deg": 8.453135277257996,
        "r2": 0.9056191065460715,
        "coverage_1sigma": 0.41178039215686274,
        "coverage_2sigma": 0.7105254901960785,
        "coverage_3sigma": 0.8704627450980392,
        "picp_95": 0.7005490196078431,
        "sharpness": 4.5565056800842285,
        "crps": 5.785810259936878,
        "nll": 5.87882144227279,
        "n_bands": 30,
        "n_test_cases": 150
      },
      "random-100": {
        "rmse": 6.494919776916504,
        "mae": 3.1175403594970703,
        "mape": 0.1830017864704132,
        "sam_deg": 3.6669159665562225,
        "r2": 0.9863194785502801,
        "coverage_1sigma": 0.6301019607843137,
        "coverage_2sigma": 0.9169725490196079,
        "coverage_3sigma": 0.9695843137254901,
        "picp_95": 0.912643137254902,
        "sharpness": 13.106010437011719,
        "crps": 4.322248088084995,
        "nll": 2.4050875893029753,
        "n_bands": 100,
        "n_test_cases": 150
      }
    },
    "scaling": {
      "n_bands": [
        3,
        5,
        10,
        20,
        50,
        100,
        200
      ],
      "rmse": [
        9.96301555633545,
        24.23357582092285,
        13.491705894470215,
        6.570836544036865,
        5.82390832901001,
        21.729671478271484,
        5.964077949523926
      ],
      "sharpness": [
        8.164066314697266,
        7.706854343414307,
        13.113914489746094,
        8.15197467803955,
        8.51778793334961,
        2.9262735843658447,
        8.982804298400879
      ],
      "crps": [
        5.528218054062739,
        11.066145835834671,
        6.444573731185687,
        3.5240109352534374,
        3.2316767570310603,
        9.187476944387194,
        3.3025683638908916
      ]
    }
  },
  "reflectance": {
    "by_sensor": {
      "Landsat-8": {
        "rmse": 0.17433282732963562,
        "mae": 0.13132861256599426,
        "mape": 0.8541964888572693,
        "sam_deg": 15.058857653448838,
        "r2": 0.6144232194393899,
        "coverage_1sigma": 0.33507450980392156,
        "coverage_2sigma": 0.6295686274509804,
        "coverage_3sigma": 0.8302901960784314,
        "picp_95": 0.6195764705882353,
        "sharpness": 0.0780930146574974,
        "crps": 0.10125391190010483,
        "nll": 1.0309953171562498,
        "n_bands": 7,
        "n_test_cases": 150
      },
      "Sentinel-2": {
        "rmse": 0.17290814220905304,
        "mae": 0.1329113095998764,
        "mape": 0.9153182506561279,
        "sam_deg": 12.64216526998973,
        "r2": 0.6206994821863465,
        "coverage_1sigma": 0.3438745098039216,
        "coverage_2sigma": 0.6768941176470589,
        "coverage_3sigma": 0.8743843137254902,
        "picp_95": 0.6669333333333334,
        "sharpness": 0.08830798417329788,
        "crps": 0.09880153449215345,
        "nll": 0.5192647996340548,
        "n_bands": 13,
        "n_test_cases": 150
      },
      "ENMAP": {
        "rmse": 0.13186518847942352,
        "mae": 0.09884480386972427,
        "mape": 0.798424482345581,
        "sam_deg": 9.739993013473345,
        "r2": 0.7793962554145478,
        "coverage_1sigma": 0.4656,
        "coverage_2sigma": 0.788235294117647,
        "coverage_3sigma": 0.937286274509804,
        "picp_95": 0.7814117647058824,
        "sharpness": 0.08548502624034882,
        "crps": 0.07133893312944226,
        "nll": -0.3022160201279325,
        "n_bands": 246,
        "n_test_cases": 150
      },
      "AVIRIS-NG": {
        "rmse": 0.13168230652809143,
        "mae": 0.0978688895702362,
        "mape": 0.7969215512275696,
        "sam_deg": 9.735460103994228,
        "r2": 0.780007757235093,
        "coverage_1sigma": 0.4680627450980392,
        "coverage_2sigma": 0.787121568627451,
        "coverage_3sigma": 0.925992156862745,
        "picp_95": 0.7793098039215687,
        "sharpness": 0.084952212870121,
        "crps": 0.07097997606716688,
        "nll": -0.22223689084255416,
        "n_bands": 425,
        "n_test_cases": 150
      },
      "random-5": {
        "rmse": 0.14781007170677185,
        "mae": 0.10853558778762817,
        "mape": 0.9784048795700073,
        "sam_deg": 12.646975575967932,
        "r2": 0.7228208244881347,
        "coverage_1sigma": 0.429521568627451,
        "coverage_2sigma": 0.7156235294117647,
        "coverage_3sigma": 0.8967686274509804,
        "picp_95": 0.7063843137254902,
        "sharpness": 0.08146423101425171,
        "crps": 0.08112947214873362,
        "nll": 0.05930955655027004,
        "n_bands": 5,
        "n_test_cases": 150
      },
      "random-30": {
        "rmse": 0.1701798141002655,
        "mae": 0.12771931290626526,
        "mape": 1.0293476581573486,
        "sam_deg": 12.199142641036428,
        "r2": 0.6325750270132122,
        "coverage_1sigma": 0.3515607843137255,
        "coverage_2sigma": 0.6806274509803921,