{
  "model_path": "checkpoints/iter_sigma6_cosine/best.pt",
  "timestamp": "2026-04-12T10:28:48",
  "n_test_spectra": 150,
  "n_samples": 16,
  "snr": 200.0,
  "checkpoint_loss": 1.695284137242957,
  "checkpoint_epoch": 407,
  "radiance": {
    "by_sensor": {
      "Landsat-8": {
        "rmse": 9.04090404510498,
        "mae": 4.9880475997924805,
        "mape": 0.2355925589799881,
        "sam_deg": 5.851469780540099,
        "r2": 0.977830901335267,
        "coverage_1sigma": 0.2632,
        "coverage_2sigma": 0.4902954248366013,
        "coverage_3sigma": 0.6338457516339869,
        "picp_95": 0.4827346405228758,
        "sharpness": 1.9226953983306885,
        "crps": 4.248619047781216,
        "nll": 55.593121131657334,
        "n_bands": 7,
        "n_test_cases": 450
      },
      "Sentinel-2": {
        "rmse": 5.536456108093262,
        "mae": 3.0273947715759277,
        "mape": 0.18487444519996643,
        "sam_deg": 3.8731601725296345,
        "r2": 0.9916864219432774,
        "coverage_1sigma": 0.3478849673202614,
        "coverage_2sigma": 0.5935267973856209,
        "coverage_3sigma": 0.7547607843137255,
        "picp_95": 0.5856575163398693,
        "sharpness": 1.8475905656814575,
        "crps": 2.4327146935931676,
        "nll": 6.875506999921036,
        "n_bands": 13,
        "n_test_cases": 450
      },
      "ENMAP": {
        "rmse": 3.9951953887939453,
        "mae": 1.813598394393921,
        "mape": 0.1098453626036644,
        "sam_deg": 2.3685492371592796,
        "r2": 0.9956708730824163,
        "coverage_1sigma": 0.5716862745098039,
        "coverage_2sigma": 0.8482718954248366,
        "coverage_3sigma": 0.9347921568627451,
        "picp_95": 0.8424470588235294,
        "sharpness": 1.8066095113754272,
        "crps": 1.4079089884085358,
        "nll": 2.5319409243449837,
        "n_bands": 246,
        "n_test_cases": 450
      },
      "AVIRIS-NG": {
        "rmse": 3.928446054458618,
        "mae": 1.7949215173721313,
        "mape": 0.11164452880620956,
        "sam_deg": 2.3186436545922264,
        "r2": 0.9958143211777573,
        "coverage_1sigma": 0.5700078431372549,
        "coverage_2sigma": 0.8445124183006536,
        "coverage_3sigma": 0.9348287581699346,
        "picp_95": 0.8382379084967321,
        "sharpness": 1.7705076932907104,
        "crps": 1.3934175490846799,
        "nll": 2.5237562149762454,
        "n_bands": 425,
        "n_test_cases": 450
      },
      "random-5": {
        "rmse": 14.099980354309082,
        "mae": 6.441059589385986,
        "mape": 0.21899846196174622,
        "sam_deg": 7.632219894605248,
        "r2": 0.9460785915189208,
        "coverage_1sigma": 0.38543790849673204,
        "coverage_2sigma": 0.6665359477124183,
        "coverage_3sigma": 0.8173908496732026,
        "picp_95": 0.6585568627450981,
        "sharpness": 3.6864352226257324,
        "crps": 5.103159149848933,
        "nll": 5.585872009635585,
        "n_bands": 5,
        "n_test_cases": 450
      },
      "random-30": {
        "rmse": 16.321138381958008,
        "mae": 6.680843353271484,
        "mape": 0.2067866027355194,
        "sam_deg": 7.446458177885027,
        "r2": 0.9277521083151279,
        "coverage_1sigma": 0.48254117647058825,
        "coverage_2sigma": 0.7220862745098039,
        "coverage_3sigma": 0.8410143790849673,
        "picp_95": 0.7154196078431373,
        "sharpness": 3.713226795196533,
        "crps": 5.537601018717382,
        "nll": 5.037849347599148,
        "n_bands": 30,
        "n_test_cases": 450
      },
      "random-100": {
        "rmse": 4.008103370666504,
        "mae": 1.860215187072754,
        "mape": 0.11432842165231705,
        "sam_deg": 2.359858810925939,
        "r2": 0.995642853355859,
        "coverage_1sigma": 0.548,
        "coverage_2sigma": 0.8402248366013072,
        "coverage_3sigma": 0.9329254901960784,
        "picp_95": 0.8335790849673202,
        "sharpness": 1.7859785556793213,
        "crps": 1.4398791507471083,
        "nll": 2.587133127099913,
        "n_bands": 100,
        "n_test_cases": 450
      }
    },
    "scaling": {
      "n_bands": [
        3,
        5,
        10,
        20,
        50,
        100,
        200
      ],
      "rmse": [
        11.107927322387695,
        20.022512435913086,
        13.291281700134277,
        5.162411212921143,
        3.652571678161621,
        25.139812469482422,
        3.60457706451416
      ],
      "sharpness": [
        3.5753047466278076,
        4.646398067474365,
        2.287536382675171,
        1.6908793449401855,
        1.6855789422988892,
        5.596753120422363,
        1.6684240102767944
      ],
      "crps": [
        5.223936097081775,
        8.284769669451753,
        5.382817995403543,
        1.9739068592512705,
        1.3758309610131456,
        9.867248083960282,
        1.3496762753128289
      ]
    }
  },
  "reflectance": {
    "by_sensor": {
      "Landsat-8": {
        "rmse": 0.13551068305969238,
        "mae": 0.10288894176483154,
        "mape": 0.35019171237945557,
        "sam_deg": 11.130959583701937,
        "r2": 0.7663103757855251,
        "coverage_1sigma": 0.297762091503268,
        "coverage_2sigma": 0.571843137254902,
        "coverage_3sigma": 0.7596915032679739,
        "picp_95": 0.5619816993464052,
        "sharpness": 0.0511242151260376,
        "crps": 0.08184481250180485,
        "nll": 2.491796975891883,
        "n_bands": 7,
        "n_test_cases": 450
      },
      "Sentinel-2": {
        "rmse": 0.15517887473106384,
        "mae": 0.11595659703016281,
        "mape": 0.36512258648872375,
        "sam_deg": 11.025290671233666,
        "r2": 0.6935514621108512,
        "coverage_1sigma": 0.3016888888888889,
        "coverage_2sigma": 0.5470954248366013,
        "coverage_3sigma": 0.7356183006535948,
        "picp_95": 0.5382222222222223,
        "sharpness": 0.053876448422670364,
        "crps": 0.09307926841437504,
        "nll": 4.853636143456195,
        "n_bands": 13,
        "n_test_cases": 450
      },
      "ENMAP": {
        "rmse": 0.1027483269572258,
        "mae": 0.07440643012523651,
        "mape": 0.23484672605991364,
        "sam_deg": 7.701301283936625,
        "r2": 0.8656486973498292,
        "coverage_1sigma": 0.4512261437908497,
        "coverage_2sigma": 0.7594875816993464,
        "coverage_3sigma": 0.8887477124183006,
        "picp_95": 0.7510954248366013,
        "sharpness": 0.0529741607606411,
        "crps": 0.05589646656782879,
        "nll": 0.6083375316675498,
        "n_bands": 246,
        "n_test_cases": 450
      },
      "AVIRIS-NG": {
        "rmse": 0.1000211089849472,
        "mae": 0.07197478413581848,
        "mape": 0.22969453036785126,
        "sam_deg": 7.57649396934978,
        "r2": 0.8726861313166714,
        "coverage_1sigma": 0.45661699346405227,
        "coverage_2sigma": 0.7683241830065359,
        "coverage_3sigma": 0.8911947712418301,
        "picp_95": 0.7605699346405229,
        "sharpness": 0.05183658003807068,
        "crps": 0.05401151784855038,
        "nll": 0.33643583127733817,
        "n_bands": 425,
        "n_test_cases": 450
      },
      "random-5": {
        "rmse": 0.17728054523468018,
        "mae": 0.13216868042945862,
        "mape": 0.5775555968284607,
        "sam_deg": 11.973658466503105,
        "r2": 0.6000418350928973,
        "coverage_1sigma": 0.29118954248366014,
        "coverage_2sigma": 0.5644967320261438,
        "coverage_3sigma": 0.746640522875817,
        "picp_95": 0.5550954248366013,
        "sharpness": 0.06340938806533813,
        "crps": 0.10549451536742553,
        "nll": 4.1374836430512305,
        "n_bands": 5,
        "n_test_cases": 450
      },
      "random-30": {
        "rmse": 0.15549613535404205,
        "mae": 0.11642169207334518,
        "mape": 0.5661409497261047,
        "sam_deg": 11.554256564702943,
        "r2": 0.6922970988136807,
        "coverage_1sigma": 0.41403398692810456,
        "coverage_2sigma": 0.7251816993464052,