{
  "model_path": "checkpoints/iter_highfreq100/epoch_70.pt",
  "timestamp": "2026-04-09T13:40:17",
  "n_test_spectra": 50,
  "n_samples": 16,
  "snr": 200.0,
  "checkpoint_loss": null,
  "checkpoint_epoch": 70,
  "radiance": {
    "by_sensor": {
      "Landsat-8": {
        "rmse": 9.67996883392334,
        "mae": 5.09653377532959,
        "mape": 0.27133676409721375,
        "sam_deg": 6.432923134102172,
        "r2": 0.969611938278671,
        "coverage_1sigma": 0.4655843137254902,
        "coverage_2sigma": 0.6734901960784314,
        "coverage_3sigma": 0.7869176470588235,
        "picp_95": 0.6674823529411764,
        "sharpness": 114.4891128540039,
        "crps": 29.320867966716385,
        "nll": 35.92890539586176,
        "n_bands": 7,
        "n_test_cases": 150
      },
      "Sentinel-2": {
        "rmse": 7.821684837341309,
        "mae": 4.107105255126953,
        "mape": 0.24978035688400269,
        "sam_deg": 5.1946696893925495,
        "r2": 0.9801593578051856,
        "coverage_1sigma": 0.46614901960784316,
        "coverage_2sigma": 0.6801882352941176,
        "coverage_3sigma": 0.8118745098039216,
        "picp_95": 0.6730196078431373,
        "sharpness": 75.65909576416016,
        "crps": 19.41668733894229,
        "nll": 4.519442557081463,
        "n_bands": 13,
        "n_test_cases": 150
      },
      "ENMAP": {
        "rmse": 6.234409809112549,
        "mae": 2.714411497116089,
        "mape": 0.16743718087673187,
        "sam_deg": 4.120886110917789,
        "r2": 0.987394916087524,
        "coverage_1sigma": 0.7061647058823529,
        "coverage_2sigma": 0.9258352941176471,
        "coverage_3sigma": 0.977113725490196,
        "picp_95": 0.9216156862745098,
        "sharpness": 62.27112579345703,
        "crps": 15.382354258484606,
        "nll": 2.548956583649701,
        "n_bands": 246,
        "n_test_cases": 150
      },
      "AVIRIS-NG": {
        "rmse": 6.236727714538574,
        "mae": 2.655977487564087,
        "mape": 0.15535646677017212,
        "sam_deg": 4.044631073682587,
        "r2": 0.987385541380017,
        "coverage_1sigma": 0.7318274509803921,
        "coverage_2sigma": 0.9441098039215686,
        "coverage_3sigma": 0.9814745098039216,
        "picp_95": 0.9413019607843137,
        "sharpness": 58.14713668823242,
        "crps": 14.388704613929201,
        "nll": 2.475118056370611,
        "n_bands": 425,
        "n_test_cases": 150
      },
      "random-5": {
        "rmse": 13.897534370422363,
        "mae": 6.029017448425293,
        "mape": 0.22973667085170746,
        "sam_deg": 7.145327762306937,
        "r2": 0.9373630582447656,
        "coverage_1sigma": 0.5093490196078432,
        "coverage_2sigma": 0.8175372549019608,
        "coverage_3sigma": 0.9410823529411765,
        "picp_95": 0.8100549019607843,
        "sharpness": 41.06072235107422,
        "crps": 12.267768152442716,
        "nll": 3.1828915249679506,
        "n_bands": 5,
        "n_test_cases": 150
      },
      "random-30": {
        "rmse": 17.486419677734375,
        "mae": 8.024434089660645,
        "mape": 0.2947128117084503,
        "sam_deg": 8.256602807469278,
        "r2": 0.9008353417613827,
        "coverage_1sigma": 0.3848,
        "coverage_2sigma": 0.6349960784313725,
        "coverage_3sigma": 0.8171450980392156,
        "picp_95": 0.6266196078431373,
        "sharpness": 18.723543167114258,
        "crps": 8.478618209937352,
        "nll": 5.18836340731526,
        "n_bands": 30,
        "n_test_cases": 150
      },
      "random-100": {
        "rmse": 6.273072242736816,
        "mae": 2.7191073894500732,
        "mape": 0.15813839435577393,
        "sam_deg": 4.08352386514095,
        "r2": 0.9872380908586014,
        "coverage_1sigma": 0.7148392156862745,
        "coverage_2sigma": 0.9377254901960784,
        "coverage_3sigma": 0.9798117647058824,
        "picp_95": 0.9342901960784313,
        "sharpness": 59.05796432495117,
        "crps": 14.630209358279537,
        "nll": 2.544217376024814,
        "n_bands": 100,
        "n_test_cases": 150
      }
    },
    "scaling": {
      "n_bands": [
        3,
        5,
        10,
        20,
        50,
        100,
        200
      ],
      "rmse": [
        13.452293395996094,
        19.492795944213867,
        12.009491920471191,
        6.514497756958008,
        5.894446849822998,
        19.04281234741211,
        5.819151401519775
      ],
      "sharpness": [
        61.43965148925781,
        17.917619705200195,
        41.66440963745117,
        25.63524055480957,
        25.8071231842041,
        10.97869873046875,
        25.695140838623047
      ],
      "crps": [
        17.771317250708535,
        10.163635576124676,
        12.431981465003386,
        6.925662563748053,
        6.9062968502263855,
        8.33003821696263,
        6.818949556332358
      ]
    }
  },
  "reflectance": {
    "by_sensor": {
      "Landsat-8": {
        "rmse": 0.5403043627738953,
        "mae": 0.4564628005027771,
        "mape": 1.21621835231781,
        "sam_deg": 138.2108200480223,
        "r2": -2.7036460507653306,
        "coverage_1sigma": 0.00996078431372549,
        "coverage_2sigma": 0.03403921568627451,
        "coverage_3sigma": 0.0595921568627451,
        "picp_95": 0.032454901960784314,
        "sharpness": 0.005903802812099457,
        "crps": 0.45321091001111125,
        "nll": 76476.70989885481,
        "n_bands": 7,
        "n_test_cases": 150
      },
      "Sentinel-2": {
        "rmse": 0.5377465486526489,
        "mae": 0.45677727460861206,
        "mape": 1.2609920501708984,
        "sam_deg": 135.764437539552,
        "r2": -2.6686629189453868,
        "coverage_1sigma": 0.01411764705882353,
        "coverage_2sigma": 0.028,
        "coverage_3sigma": 0.044596078431372546,
        "picp_95": 0.027513725490196077,
        "sharpness": 0.006481843069195747,
        "crps": 0.45323059883716427,
        "nll": 69889.62907745194,
        "n_bands": 13,
        "n_test_cases": 150
      },
      "ENMAP": {
        "rmse": 0.5452179312705994,
        "mae": 0.46422696113586426,
        "mape": 1.2826257944107056,
        "sam_deg": 140.94093661835367,
        "r2": -2.771314771787686,
        "coverage_1sigma": 0.004627450980392157,
        "coverage_2sigma": 0.016219607843137255,
        "coverage_3sigma": 0.034698039215686274,
        "picp_95": 0.015529411764705882,
        "sharpness": 0.006720721255987883,
        "crps": 0.4604627579966593,
        "nll": 30076.17940949524,
        "n_bands": 246,
        "n_test_cases": 150
      },
      "AVIRIS-NG": {
        "rmse": 0.5458647608757019,
        "mae": 0.4647619128227234,
        "mape": 1.2741343975067139,
        "sam_deg": 140.96165253114776,
        "r2": -2.780268346347813,
        "coverage_1sigma": 0.0069647058823529414,
        "coverage_2sigma": 0.03703529411764706,
        "coverage_3sigma": 0.050541176470588235,
        "picp_95": 0.03556078431372549,
        "sharpness": 0.007127784658223391,
        "crps": 0.4608045773142502,
        "nll": 26553.087359287918,
        "n_bands": 425,
        "n_test_cases": 150
      },
      "random-5": {
        "rmse": 0.545299768447876,
        "mae": 0.4625684320926666,
        "mape": 1.2143713235855103,
        "sam_deg": 140.9157349005815,
        "r2": -2.772446637779137,
        "coverage_1sigma": 0.004517647058823529,
        "coverage_2sigma": 0.020454901960784314,
        "coverage_3sigma": 0.0476235294117647,
        "picp_95": 0.01968627450980392,
        "sharpness": 0.005669245030730963,
        "crps": 0.4594036946812412,
        "nll": 66163.73347219857,
        "n_bands": 5,
        "n_test_cases": 150
      },
      "random-30": {
        "rmse": 0.542108416557312,
        "mae": 0.46005913615226746,
        "mape": 1.2329251766204834,
        "sam_deg": 140.27113411123761,
        "r2": -2.728420207959847,
        "coverage_1sigma": 0.004690196078431372,
        "coverage_2sigma": 0.011215686274509805,