{
  "model_path": "checkpoints/iter_full/epoch_100.pt",
  "timestamp": "2026-04-09T15:55:56",
  "n_test_spectra": 50,
  "n_samples": 16,
  "snr": 200.0,
  "checkpoint_loss": null,
  "checkpoint_epoch": 100,
  "radiance": {
    "by_sensor": {
      "Landsat-8": {
        "rmse": 9.20155143737793,
        "mae": 5.0414862632751465,
        "mape": 0.29590317606925964,
        "sam_deg": 6.363504075464628,
        "r2": 0.9725414735170829,
        "coverage_1sigma": 0.3964078431372549,
        "coverage_2sigma": 0.6407058823529411,
        "coverage_3sigma": 0.7671843137254902,
        "picp_95": 0.6334901960784314,
        "sharpness": 17.215656280517578,
        "crps": 6.944918891214205,
        "nll": 19.719712921198166,
        "n_bands": 7,
        "n_test_cases": 150
      },
      "Sentinel-2": {
        "rmse": 7.1162109375,
        "mae": 3.602773904800415,
        "mape": 0.24941109120845795,
        "sam_deg": 4.666336670268797,
        "r2": 0.9835769911518671,
        "coverage_1sigma": 0.5297098039215686,
        "coverage_2sigma": 0.8144470588235294,
        "coverage_3sigma": 0.9260392156862746,
        "picp_95": 0.8078274509803921,
        "sharpness": 14.305445671081543,
        "crps": 4.953952383228098,
        "nll": 3.2419583186476375,
        "n_bands": 13,
        "n_test_cases": 150
      },
      "ENMAP": {
        "rmse": 6.433852672576904,
        "mae": 3.0946695804595947,
        "mape": 0.18333646655082703,
        "sam_deg": 3.66884011969302,
        "r2": 0.9865755249260432,
        "coverage_1sigma": 0.6439058823529412,
        "coverage_2sigma": 0.9155764705882353,
        "coverage_3sigma": 0.9704627450980392,
        "picp_95": 0.9112156862745098,
        "sharpness": 13.988565444946289,
        "crps": 4.495969116086944,
        "nll": 2.3877132164594443,
        "n_bands": 246,
        "n_test_cases": 150
      },
      "AVIRIS-NG": {
        "rmse": 6.4980950355529785,
        "mae": 3.107110023498535,
        "mape": 0.18433113396167755,
        "sam_deg": 3.679082392500502,
        "r2": 0.9863060990367738,
        "coverage_1sigma": 0.6333019607843138,
        "coverage_2sigma": 0.9138352941176471,
        "coverage_3sigma": 0.9700862745098039,
        "picp_95": 0.9090666666666667,
        "sharpness": 13.23881721496582,
        "crps": 4.347401369782676,
        "nll": 2.3997861458840397,
        "n_bands": 425,
        "n_test_cases": 150
      },
      "random-5": {
        "rmse": 14.574039459228516,
        "mae": 6.268103122711182,
        "mape": 0.24688707292079926,
        "sam_deg": 7.8277100307165135,
        "r2": 0.9311165309967846,
        "coverage_1sigma": 0.4378666666666667,
        "coverage_2sigma": 0.7237490196078431,
        "coverage_3sigma": 0.8568627450980392,
        "picp_95": 0.7155764705882353,
        "sharpness": 5.923613548278809,
        "crps": 5.475536889799793,
        "nll": 4.027186294561676,
        "n_bands": 5,
        "n_test_cases": 150
      },
      "random-30": {
        "rmse": 17.05634880065918,
        "mae": 7.0419440269470215,
        "mape": 0.2618230879306793,
        "sam_deg": 8.453069681677079,
        "r2": 0.9056531878108348,
        "coverage_1sigma": 0.412,
        "coverage_2sigma": 0.7101019607843138,
        "coverage_3sigma": 0.8701490196078432,
        "picp_95": 0.7005490196078431,
        "sharpness": 4.554712772369385,
        "crps": 5.785271820211354,
        "nll": 5.878682679876837,
        "n_bands": 30,
        "n_test_cases": 150
      },
      "random-100": {
        "rmse": 6.501874923706055,
        "mae": 3.124372959136963,
        "mape": 0.18335585296154022,
        "sam_deg": 3.6701734194305695,
        "r2": 0.986290160722602,
        "coverage_1sigma": 0.6298509803921568,
        "coverage_2sigma": 0.9166901960784314,
        "coverage_3sigma": 0.9694274509803922,
        "picp_95": 0.9118745098039216,
        "sharpness": 13.0909423828125,
        "crps": 4.3225086221226485,
        "nll": 2.4089088952085334,
        "n_bands": 100,
        "n_test_cases": 150
      }
    },
    "scaling": {
      "n_bands": [
        3,
        5,
        10,
        20,
        50,
        100,
        200
      ],
      "rmse": [
        9.965991020202637,
        24.236557006835938,
        13.493586540222168,
        6.563077926635742,
        5.821370601654053,
        21.728099822998047,
        5.959734916687012
      ],
      "sharpness": [
        8.16889476776123,
        7.70737361907959,
        13.116013526916504,
        8.142200469970703,
        8.517793655395508,
        2.9267311096191406,
        8.98791217803955
      ],
      "crps": [
        5.530868903999742,
        11.063922930651755,
        6.443586849910292,
        3.5196465972081197,
        3.230456402092816,
        9.18777565637274,
        3.3019326120133052
      ]
    }
  },
  "reflectance": {
    "by_sensor": {
      "Landsat-8": {
        "rmse": 0.17426519095897675,
        "mae": 0.1312936246395111,
        "mape": 0.8537876009941101,
        "sam_deg": 15.052471672067771,
        "r2": 0.6147223666963932,
        "coverage_1sigma": 0.0075294117647058826,
        "coverage_2sigma": 0.014603921568627451,
        "coverage_3sigma": 0.022023529411764706,
        "picp_95": 0.014368627450980392,
        "sharpness": 0.0019977563060820103,
        "crps": 0.1301819106473544,
        "nll": 60225.36586497151,
        "n_bands": 7,
        "n_test_cases": 150
      },
      "Sentinel-2": {
        "rmse": 0.1729578673839569,
        "mae": 0.1329372227191925,
        "mape": 0.9156174659729004,
        "sam_deg": 12.646311603747032,
        "r2": 0.6204813269305864,
        "coverage_1sigma": 0.008941176470588235,
        "coverage_2sigma": 0.018462745098039215,
        "coverage_3sigma": 0.027858823529411766,
        "picp_95": 0.018180392156862745,
        "sharpness": 0.0022333681117743254,
        "crps": 0.13170746557250695,
        "nll": 62306.70830097708,
        "n_bands": 13,
        "n_test_cases": 150
      },
      "ENMAP": {
        "rmse": 0.13186366856098175,
        "mae": 0.09886081516742706,
        "mape": 0.79847252368927,
        "sam_deg": 9.74141290530119,
        "r2": 0.7794013616070339,
        "coverage_1sigma": 0.014462745098039216,
        "coverage_2sigma": 0.028172549019607845,
        "coverage_3sigma": 0.040988235294117645,
        "picp_95": 0.02768627450980392,
        "sharpness": 0.002092345617711544,
        "crps": 0.09772403376235951,
        "nll": 36625.235432734815,
        "n_bands": 246,
        "n_test_cases": 150
      },
      "AVIRIS-NG": {
        "rmse": 0.1316472887992859,
        "mae": 0.09783057868480682,
        "mape": 0.7967403531074524,
        "sam_deg": 9.738795616242882,
        "r2": 0.7801247427733938,
        "coverage_1sigma": 0.01292549019607843,
        "coverage_2sigma": 0.02660392156862745,
        "coverage_3sigma": 0.03952941176470588,
        "picp_95": 0.02608627450980392,
        "sharpness": 0.002051709219813347,
        "crps": 0.09670687297753104,
        "nll": 38440.08904172013,
        "n_bands": 425,
        "n_test_cases": 150
      },
      "random-5": {
        "rmse": 0.14782743155956268,
        "mae": 0.10851845890283585,
        "mape": 0.9774797558784485,
        "sam_deg": 12.647302471430423,
        "r2": 0.7227557263581217,
        "coverage_1sigma": 0.009364705882352942,
        "coverage_2sigma": 0.018023529411764706,
        "coverage_3sigma": 0.027984313725490196,
        "picp_95": 0.01767843137254902,
        "sharpness": 0.0016052243299782276,
        "crps": 0.10762870163528675,
        "nll": 34227.01266309424,
        "n_bands": 5,
        "n_test_cases": 150
      },
      "random-30": {
        "rmse": 0.17019613087177277,
        "mae": 0.1276974231004715,
        "mape": 1.0282950401306152,
        "sam_deg": 12.200274453402745,
        "r2": 0.632504574633117,
        "coverage_1sigma": 0.008784313725490196,