{
  "model_path": "checkpoints/v3_arts/best.pt",
  "timestamp": "2026-04-08T06:00:49",
  "n_test_spectra": 150,
  "n_samples": 16,
  "snr": 200.0,
  "checkpoint_loss": -5.124911238433449,
  "checkpoint_epoch": 90,
  "radiance": {
    "by_sensor": {
      "Landsat-8": {
        "rmse": 49.7343864440918,
        "mae": 23.11180305480957,
        "mape": 0.4902498722076416,
        "sam_deg": 18.52539672059149,
        "r2": 0.3291309388638243,
        "coverage_1sigma": 0.004543790849673202,
        "coverage_2sigma": 0.009118954248366014,
        "coverage_3sigma": 0.013573856209150326,
        "picp_95": 0.00894640522875817,
        "sharpness": 0.05213465914130211,
        "crps": 23.082491731330002,
        "nll": 1442810.0930723294,
        "n_bands": 7,
        "n_test_cases": 450
      },
      "Sentinel-2": {
        "rmse": 48.610694885253906,
        "mae": 22.12261962890625,
        "mape": 0.4952336549758911,
        "sam_deg": 19.487095762353793,
        "r2": 0.35910348582012497,
        "coverage_1sigma": 0.004183006535947713,
        "coverage_2sigma": 0.008397385620915033,
        "coverage_3sigma": 0.012329411764705882,
        "picp_95": 0.008167320261437908,
        "sharpness": 0.04940450191497803,
        "crps": 22.094837641238826,
        "nll": 554905.3204792916,
        "n_bands": 13,
        "n_test_cases": 450
      },
      "ENMAP": {
        "rmse": 48.17365264892578,
        "mae": 21.531482696533203,
        "mape": 0.4503839910030365,
        "sam_deg": 18.990004558884348,
        "r2": 0.370575831298001,
        "coverage_1sigma": 0.007728104575163399,
        "coverage_2sigma": 0.015576470588235294,
        "coverage_3sigma": 0.023043137254901962,
        "picp_95": 0.015220915032679739,
        "sharpness": 0.05994100868701935,
        "crps": 21.49786994950057,
        "nll": 322278.0984053122,
        "n_bands": 246,
        "n_test_cases": 450
      },
      "AVIRIS-NG": {
        "rmse": 48.28647994995117,
        "mae": 21.60511016845703,
        "mape": 0.45089876651763916,
        "sam_deg": 19.05861354458866,
        "r2": 0.36762405726815606,
        "coverage_1sigma": 0.007524183006535947,
        "coverage_2sigma": 0.015294117647058824,
        "coverage_3sigma": 0.022912418300653596,
        "picp_95": 0.015011764705882353,
        "sharpness": 0.05936898663640022,
        "crps": 21.571808278784893,
        "nll": 338689.8846143113,
        "n_bands": 425,
        "n_test_cases": 450
      },
      "random-5": {
        "rmse": 48.98087692260742,
        "mae": 22.739463806152344,
        "mape": 0.4815124273300171,
        "sam_deg": 19.650335316680994,
        "r2": 0.3493051105739715,
        "coverage_1sigma": 0.005291503267973856,
        "coverage_2sigma": 0.010802614379084967,
        "coverage_3sigma": 0.016141176470588235,
        "picp_95": 0.0105359477124183,
        "sharpness": 0.05344514921307564,
        "crps": 22.70943007833335,
        "nll": 343337.5701310838,
        "n_bands": 5,
        "n_test_cases": 450
      },
      "random-30": {
        "rmse": 48.91768264770508,
        "mae": 22.29029083251953,
        "mape": 0.5011188387870789,
        "sam_deg": 18.942546950903417,
        "r2": 0.350983005417452,
        "coverage_1sigma": 0.006431372549019608,
        "coverage_2sigma": 0.013118954248366014,
        "coverage_3sigma": 0.019937254901960785,
        "picp_95": 0.012826143790849674,
        "sharpness": 0.06060221791267395,
        "crps": 22.256263760407595,
        "nll": 310950.25320086663,
        "n_bands": 30,
        "n_test_cases": 450
      },
      "random-100": {
        "rmse": 48.30331039428711,
        "mae": 21.611371994018555,
        "mape": 0.4512673616409302,
        "sam_deg": 19.035181623894594,
        "r2": 0.3671830817702688,
        "coverage_1sigma": 0.007518954248366013,
        "coverage_2sigma": 0.015016993464052287,
        "coverage_3sigma": 0.02262483660130719,
        "picp_95": 0.014739869281045752,
        "sharpness": 0.05861422419548035,
        "crps": 21.578486929086182,
        "nll": 344588.1636639222,
        "n_bands": 100,
        "n_test_cases": 450
      }
    },
    "scaling": {
      "n_bands": [
        3,
        5,
        10,
        20,
        50,
        100,
        200
      ],
      "rmse": [
        47.1208610534668,
        47.24891662597656,
        46.684661865234375,
        47.57108688354492,
        47.36397933959961,
        47.57191467285156,
        47.24223709106445
      ],
      "sharpness": [
        0.0666743665933609,
        0.07996240258216858,
        0.0698099359869957,
        0.0651700347661972,
        0.06436291337013245,
        0.0741259828209877,
        0.06438232958316803
      ],
      "crps": [
        23.22667367638918,
        22.65019970106775,
        22.315146725507578,
        22.657112673780357,
        22.366709122566185,
        23.133386399276162,
        22.282153482291847
      ]
    }
  },
  "reflectance": {
    "by_sensor": {
      "Landsat-8": {
        "rmse": 0.17915640771389008,
        "mae": 0.13834132254123688,
        "mape": 0.6963194608688354,
        "sam_deg": 12.645911996276926,
        "r2": 0.5915329193778325,
        "coverage_1sigma": 0.009850980392156863,
        "coverage_2sigma": 0.019341176470588237,
        "coverage_3sigma": 0.029244444444444444,
        "picp_95": 0.018959477124183007,
        "sharpness": 0.002217954723164439,
        "crps": 0.13710226324156458,
        "nll": 5154.292124525921,
        "n_bands": 7,
        "n_test_cases": 450
      },
      "Sentinel-2": {
        "rmse": 0.16425302624702454,
        "mae": 0.12581183016300201,
        "mape": 0.6719116568565369,
        "sam_deg": 13.48080587173561,
        "r2": 0.6566641410599093,
        "coverage_1sigma": 0.009281045751633988,
        "coverage_2sigma": 0.018609150326797386,
        "coverage_3sigma": 0.0281359477124183,
        "picp_95": 0.018201307189542482,
        "sharpness": 0.0017922098049893975,
        "crps": 0.12481032624973998,
        "nll": 6530.374487921512,
        "n_bands": 13,
        "n_test_cases": 450
      },
      "ENMAP": {
        "rmse": 0.16287393867969513,
        "mae": 0.12349548935890198,
        "mape": 0.5713146328926086,
        "sam_deg": 12.338882327564509,
        "r2": 0.6624053527481578,
        "coverage_1sigma": 0.009730718954248365,
        "coverage_2sigma": 0.01949281045751634,
        "coverage_3sigma": 0.029683660130718954,
        "picp_95": 0.019121568627450982,
        "sharpness": 0.001955114072188735,
        "crps": 0.12240390150807787,
        "nll": 5074.055295465507,
        "n_bands": 246,
        "n_test_cases": 450
      },
      "AVIRIS-NG": {
        "rmse": 0.15964673459529877,
        "mae": 0.12087734788656235,
        "mape": 0.5551102757453918,
        "sam_deg": 12.289426889292693,
        "r2": 0.6756510613290457,
        "coverage_1sigma": 0.010943790849673203,
        "coverage_2sigma": 0.022363398692810458,
        "coverage_3sigma": 0.03371503267973856,
        "picp_95": 0.02185098039215686,
        "sharpness": 0.0019110292196273804,
        "crps": 0.11981274259922535,
        "nll": 5118.656767421413,
        "n_bands": 425,
        "n_test_cases": 450
      },
      "random-5": {
        "rmse": 0.19780154526233673,
        "mae": 0.1487417221069336,
        "mape": 0.7423814535140991,
        "sam_deg": 13.116176540794132,
        "r2": 0.5020889867122089,
        "coverage_1sigma": 0.010138562091503269,
        "coverage_2sigma": 0.02004183006535948,
        "coverage_3sigma": 0.02986143790849673,
        "picp_95": 0.01969673202614379,
        "sharpness": 0.002034298609942198,
        "crps": 0.14760697879557344,
        "nll": 8795.794314812714,
        "n_bands": 5,
        "n_test_cases": 450
      },
      "random-30": {
        "rmse": 0.16737891733646393,
        "mae": 0.13417381048202515,
        "mape": 0.7610254883766174,
        "sam_deg": 13.686091905607896,